-- MySQL Script generated by MySQL Workbench
-- Sun Jul 21 17:45:02 2016
-- Model: materias    Version: 1.0
-- MySQL Workbench Forward Engineering

SET @OLD_UNIQUE_CHECKS=@@UNIQUE_CHECKS, UNIQUE_CHECKS=0;
SET @OLD_FOREIGN_KEY_CHECKS=@@FOREIGN_KEY_CHECKS, FOREIGN_KEY_CHECKS=0;
SET @OLD_SQL_MODE=@@SQL_MODE, SQL_MODE='TRADITIONAL,ALLOW_INVALID_DATES';

-- -----------------------------------------------------
-- Schema materias
-- -----------------------------------------------------
DROP SCHEMA IF EXISTS `materias` ;

-- -----------------------------------------------------
-- Schema materias
-- -----------------------------------------------------
CREATE SCHEMA IF NOT EXISTS `materias` DEFAULT CHARACTER SET latin1 COLLATE latin1_general_ci; ;
USE `materias` ;

DROP USER `sisdiscpl`@`localhost`;
CREATE USER `sisdiscpl`@`localhost` identified by "1234567";
GRANT ALL PRIVILEGES ON materias.* TO `sisdiscpl`@`localhost`; FLUSH PRIVILEGES;


-- -----------------------------------------------------
-- Table `materias`.`alunos`
-- -----------------------------------------------------
DROP TABLE IF EXISTS `materias`.`alunos` ;

CREATE TABLE IF NOT EXISTS `materias`.`alunos` (
  `id` INT NOT NULL AUTO_INCREMENT,
  `nome` VARCHAR(45) NOT NULL,
  `login` INT(7) NOT NULL,
  `senha` VARCHAR(10) NOT NULL,
  `curso_id` INT(3) NOT NULL,
  INDEX `idx_alunos_has_cursos` (`curso_id` ASC),
  PRIMARY KEY (`id`),
  CONSTRAINT `fk_alunos_has_cursos`
    FOREIGN KEY (`curso_id`)
    REFERENCES `materias`.`cursos` (`id`)
    ON DELETE CASCADE
    ON UPDATE NO ACTION)
ENGINE = InnoDB;


--
-- Dumping data for table `alunos`
--
INSERT INTO `alunos` (id, nome, login, senha, curso_id) VALUES(1, 'William Nunes', 1228031, '123456', 1);
INSERT INTO `alunos` (id, nome, login, senha, curso_id) VALUES(2, 'Geovana Geovana', 1224567, '124578', 1);
INSERT INTO `alunos` (id, nome, login, senha, curso_id) VALUES(3, 'Antônio Oliveira', 1018021, '4631', 1);
INSERT INTO `alunos` (id, nome, login, senha, curso_id) VALUES(4, 'João Silva Souza', 1218141, '3262', 1);
INSERT INTO `alunos` (id, nome, login, senha, curso_id) VALUES(5, 'Francisco Pereira', 0914012, '3415', 1);
INSERT INTO `alunos` (id, nome, login, senha, curso_id) VALUES(6, 'Roberto Correia', 1329875, '4371', 1);
INSERT INTO `alunos` (id, nome, login, senha, curso_id) VALUES(7, 'Márcio Cunha', 1521254, '3109', 1);
INSERT INTO `alunos` (id, nome, login, senha, curso_id) VALUES(8, 'Edson Dias', 1610232, '3431', 1);
INSERT INTO `alunos` (id, nome, login, senha, curso_id) VALUES(9, 'André Mesquita', 1213265, '4828', 1);

ALTER TABLE alunos AUTO_INCREMENT = 10;



-- -----------------------------------------------------
-- Table `materias`.`cursos`
-- -----------------------------------------------------
DROP TABLE IF EXISTS `materias`.`cursos` ;

CREATE TABLE IF NOT EXISTS `materias`.`cursos` (
  `id` INT NOT NULL AUTO_INCREMENT,
  `codigo` VARCHAR(3) NOT NULL,
  `nome` VARCHAR(60) NOT NULL,
  `horas_displ_obrig` INT(10) NOT NULL,
  `horas_displ_eletv` INT(10) NOT NULL,
  `horas_atvs` INT(10) NOT NULL,
  PRIMARY KEY (`id`))

ENGINE = InnoDB;


--
-- Dumping data for table `cursos`
--
INSERT INTO cursos (id, codigo, nome, horas_displ_obrig, horas_displ_eletv, horas_atvs ) values (1, 'SJM','SISTEMAS DE INFORMACAO', '2250', '300','450');
INSERT INTO cursos (id, codigo, nome, horas_displ_obrig, horas_displ_eletv, horas_atvs ) values (2, 'PJM','ENGENHARIA DE PRODUCAO', '2730', '300','580');
INSERT INTO cursos (id, codigo, nome, horas_displ_obrig, horas_displ_eletv, horas_atvs ) values (3, 'CJM','ENGENHARIA DA COMPUTACAO', '2940 ', '300','390');
INSERT INTO cursos (id, codigo, nome, horas_displ_obrig, horas_displ_eletv, horas_atvs ) values (4, 'EJM','ENGENHARIA ELETRICA', '2850', '300','510');

ALTER TABLE cursos AUTO_INCREMENT = 5;



-- -----------------------------------------------------
-- Table `materias`.`disciplinas`
-- -----------------------------------------------------
DROP TABLE IF EXISTS `materias`.`disciplinas` ;

CREATE TABLE IF NOT EXISTS `materias`.`disciplinas` (
  `id` INT NOT NULL AUTO_INCREMENT,
  `codigo` VARCHAR (6) NOT NULL,
  `nome` VARCHAR(60) NOT NULL,
  `carga_hora` INT(3) NOT NULL,
  `curso_id` INT(3),
  PRIMARY KEY (`id`),
  INDEX `idx_disciplinas_has_cursos` (`curso_id` ASC),
  CONSTRAINT `fk_disciplinas_has_cursos`
    FOREIGN KEY (`curso_id`)
    REFERENCES `materias`.`cursos` (`id`)
    ON DELETE CASCADE
    ON UPDATE NO ACTION)

ENGINE = InnoDB;


--
-- Dumping data for table `disciplinas`
--
INSERT INTO disciplinas (id, codigo,  nome, carga_hora, curso_id) values (1, 'CEA001', 'GEOMETRIA ANALITICA E ALGEBRA LINEAR', '60', NULL);
INSERT INTO disciplinas (id, codigo,  nome, carga_hora, curso_id) values (2, 'CEA423', 'FUNDAMENTOS DE CALCULO', '60', NULL);
INSERT INTO disciplinas (id, codigo,  nome, carga_hora, curso_id) values (3, 'CSI030', 'PROGRAMACAO DE COMPUTADORES', '60', 1);
INSERT INTO disciplinas (id, codigo,  nome, carga_hora, curso_id) values (4, 'CSI145', 'TEORIA E FUNDAMENTOS DE SISTEMA DE INFORMACAO', '60', 1);
INSERT INTO disciplinas (id, codigo,  nome, carga_hora, curso_id) values (5, 'CSI427', 'METODOLOGIA DE PESQUISA APLICADA A COMPUTACAO', '30', 1);
INSERT INTO disciplinas (id, codigo,  nome, carga_hora, curso_id) values (6, 'CSI491', 'INFORMATICA E SOCIEDADE', '30', 1);
INSERT INTO disciplinas (id, codigo,  nome, carga_hora, curso_id) values (7, 'CSI032', 'PROGRAMACAO DE COMPUTADORES II', '60', 1);
INSERT INTO disciplinas (id, codigo,  nome, carga_hora, curso_id) values (8, 'CSI443', 'MATEMATICA DISCRETA', '60', 1);
INSERT INTO disciplinas (id, codigo,  nome, carga_hora, curso_id) values (9, 'CSI460', 'GESTAO DA INFORMACAO', '60', 1);
INSERT INTO disciplinas (id, codigo,  nome, carga_hora, curso_id) values (10, 'CSI488', 'ALGORITMOS E ESTRUTURA DE DADOS I', '60', 1);
INSERT INTO disciplinas (id, codigo,  nome, carga_hora, curso_id) values (11, 'ENP144', 'TEORIA GERAL DA ADMINISTRACAO', '60', 2);
INSERT INTO disciplinas (id, codigo,  nome, carga_hora, curso_id) values (12, 'CEA307', 'ESTATISTICA E PROBABILIDADE', '60', NULL);
INSERT INTO disciplinas (id, codigo,  nome, carga_hora, curso_id) values (13, 'CSI424', 'FUNDAMENTOS DE ARQUITETURA DE COMPUTADORES', '60', 1);
INSERT INTO disciplinas (id, codigo,  nome, carga_hora, curso_id) values (14, 'CSI429', 'ALGORITMOS E ESTRUTURA DE DADOS II', '60', 1);
INSERT INTO disciplinas (id, codigo,  nome, carga_hora, curso_id) values (15, 'CSI466', 'TEORIA DOS GRAFOS', '60', 1);
INSERT INTO disciplinas (id, codigo,  nome, carga_hora, curso_id) values (16, 'ENP473', 'COMPORTAMENTO ORGANIZACIONAL', '60', 2);
INSERT INTO disciplinas (id, codigo,  nome, carga_hora, curso_id) values (17, 'CSI437', 'SISTEMAS OPERACIONAIS', '60', 1);
INSERT INTO disciplinas (id, codigo,  nome, carga_hora, curso_id) values (18, 'CSI440', 'BANCO DE DADOS I', '60', 1);
INSERT INTO disciplinas (id, codigo,  nome, carga_hora, curso_id) values (19, 'CSI485', 'ENGENHARIA DE SOFTWARE I', '60', 1);
INSERT INTO disciplinas (id, codigo,  nome, carga_hora, curso_id) values (20, 'ENP150', 'ECONOMIA', '60', 2);
INSERT INTO disciplinas (id, codigo,  nome, carga_hora, curso_id) values (21, 'ENP153', 'PROGRAMACAO LINEAR', '60', 2);
INSERT INTO disciplinas (id, codigo,  nome, carga_hora, curso_id) values (22, 'CSI426', 'FUNDAMENTOS DE REDES DE COMPUTADORES', '60', 1);
INSERT INTO disciplinas (id, codigo,  nome, carga_hora, curso_id) values (23, 'CSI442', 'BANCO DE DADOS II', '60', 1);
INSERT INTO disciplinas (id, codigo,  nome, carga_hora, curso_id) values (24, 'CSI457', 'INTELIGENCIA ARTIFICIAL', '60', 1);
INSERT INTO disciplinas (id, codigo,  nome, carga_hora, curso_id) values (25, 'CSI476', 'FUNDAMENTOS TEORICOS DA COMPUTACAO', '60', 1);
INSERT INTO disciplinas (id, codigo,  nome, carga_hora, curso_id) values (26, 'CSI486', 'ENGENHARIA DE SOFTWARE II', '60', 1);
INSERT INTO disciplinas (id, codigo,  nome, carga_hora, curso_id) values (27, 'CSI419', 'LINGUAGENS DE PROGRAMACAO', '60', 1);
INSERT INTO disciplinas (id, codigo,  nome, carga_hora, curso_id) values (28, 'CSI433', 'SISTEMAS DISTRIBUIDOS', '60', 1);
INSERT INTO disciplinas (id, codigo,  nome, carga_hora, curso_id) values (29, 'CSI450', 'INTERACAO HUMANO-COMPUTADOR', '60', 1);
INSERT INTO disciplinas (id, codigo,  nome, carga_hora, curso_id) values (30, 'CSI477', 'SISTEMAS WEB I', '60', 1);
INSERT INTO disciplinas (id, codigo,  nome, carga_hora, curso_id) values (31, 'CSI478', 'GERENCIA DE CONFIGURACAO E ENGENHARIA DE
SOFTWARE', '60', 1);
INSERT INTO disciplinas (id, codigo,  nome, carga_hora, curso_id) values (32, 'CSI439', 'GESTAO DA TECNOLOGIA DA INFORMACAO', '60', 1);
INSERT INTO disciplinas (id, codigo,  nome, carga_hora, curso_id) values (33, 'CSI498', 'TRABALHO DE CONCLUSAO DE CURSO I', '90', 1);
INSERT INTO disciplinas (id, codigo,  nome, carga_hora, curso_id) values (34, 'ENP126', 'GERENCIA DE RECURSOS HUMANOS', '60', 2);
INSERT INTO disciplinas (id, codigo,  nome, carga_hora, curso_id) values (35, 'ENP493', 'EMPREENDEDORISMO', '60', 2);
INSERT INTO disciplinas (id, codigo,  nome, carga_hora, curso_id) values (36, 'CSI462', 'SISTEMAS DE APOIO A DECISAO', '60', 1);
INSERT INTO disciplinas (id, codigo,  nome, carga_hora, curso_id) values (37, 'CSI463', 'SEGURANCA E AUDITORIA DE SISTEMAS', '60', 1);
INSERT INTO disciplinas (id, codigo,  nome, carga_hora, curso_id) values (38, 'CSI499', 'TRABALHO DE CONCLUSAO DE CURSO II', '60', 1);
INSERT INTO disciplinas (id, codigo,  nome, carga_hora, curso_id) values (39, 'ATV021', 'ESTAGIO SUPERVISIONADO', '210', 1);
INSERT INTO disciplinas (id, codigo,  nome, carga_hora, curso_id) values (40, 'ATV100', 'ATIVIDADE ACADEMICO CIENTIFICO-CULTURAL', '240', NULL);
INSERT INTO disciplinas (id, codigo,  nome, carga_hora, curso_id) values (41, 'CEA489', 'COMPUTACAO MOVEL', '60', NULL);
INSERT INTO disciplinas (id, codigo,  nome, carga_hora, curso_id) values (42, 'CSI001', 'ANALISE DE MIDIAS SOCIAIS', '60', 1);
INSERT INTO disciplinas (id, codigo,  nome, carga_hora, curso_id) values (43, 'CSI434', 'TOPICOS EM REDES DE COMPUTADORES', '60', 1);
INSERT INTO disciplinas (id, codigo,  nome, carga_hora, curso_id) values (44, 'CSI455', 'SISTEMAS ESPECIALISTAS', '60', 1);
INSERT INTO disciplinas (id, codigo,  nome, carga_hora, curso_id) values (45, 'CSI472', 'INTELIGENCIA COMPUTACIONAL PARA OTIMIZACAO', '60', 1);
INSERT INTO disciplinas (id, codigo,  nome, carga_hora, curso_id) values (46, 'CSI489', 'COMPUTACAO MOVEL', '60', 1);
INSERT INTO disciplinas (id, codigo,  nome, carga_hora, curso_id) values (47, 'CSI506', 'COMPILADORES I', '60', 1);
INSERT INTO disciplinas (id, codigo,  nome, carga_hora, curso_id) values (48, 'CSI508', 'COMPUTACAO GRAFICA', '60', 1);
INSERT INTO disciplinas (id, codigo,  nome, carga_hora, curso_id) values (49, 'CSI510', 'REDES DE COMPUTADORES II', '60', 1);
INSERT INTO disciplinas (id, codigo,  nome, carga_hora, curso_id) values (50, 'CSI511', 'TOPICOS EM BANCOS DE DADOS I ', '60', 1);
INSERT INTO disciplinas (id, codigo,  nome, carga_hora, curso_id) values (51, 'CSI512', 'TOPICOS EM ENGENHARIA DE SOFTWARE', '60', 1);
INSERT INTO disciplinas (id, codigo,  nome, carga_hora, curso_id) values (52, 'CSI513', 'TOPICOS EM DESENVOLVIMENTO DE SISTEMAS I', '60', 1);
INSERT INTO disciplinas (id, codigo,  nome, carga_hora, curso_id) values (53, 'CSI514', 'TOPICOS EM SISTEMAS DE INFORMACAO I', '60', 1);
INSERT INTO disciplinas (id, codigo,  nome, carga_hora, curso_id) values (54, 'CSI516', 'TOPICOS EM DESENVOLVIMENTO DE SISTEMAS II', '60', 1);
INSERT INTO disciplinas (id, codigo,  nome, carga_hora, curso_id) values (55, 'CSI517', 'TOPICOS EM BANCO DE DADOS II', '60', 1);
INSERT INTO disciplinas (id, codigo,  nome, carga_hora, curso_id) values (56, 'CSI518', 'TOPICOS EM ENGENHARIA DE SOFTWARE II', '60', 1);
INSERT INTO disciplinas (id, codigo,  nome, carga_hora, curso_id) values (57, 'CSI519', 'TOPICOS EM SISTEMAS DE INFORMACAO II', '60', 1);
INSERT INTO disciplinas (id, codigo,  nome, carga_hora, curso_id) values (58, 'CSI520', 'TOPICOS EM INTELIGENCIA ARTIFICIAL', '60', 1);
INSERT INTO disciplinas (id, codigo,  nome, carga_hora, curso_id) values (59, 'CSI546', 'PROJETO E ANALISE DE ALGORITMO', '60', 1);
INSERT INTO disciplinas (id, codigo,  nome, carga_hora, curso_id) values (60, 'CSI549', 'AVALIACAO DE SISTEMAS INTERATIVOS', '60', 1);
INSERT INTO disciplinas (id, codigo,  nome, carga_hora, curso_id) values (61, 'CSI557', 'COMPUTACAO EVOLUCIONARIA', '60', 1);
INSERT INTO disciplinas (id, codigo,  nome, carga_hora, curso_id) values (62, 'CSI558', 'DESENVOLVIMENTO DIRIGIDO POR MODELOS', '60', 1);
INSERT INTO disciplinas (id, codigo,  nome, carga_hora, curso_id) values (63, 'CSI559', 'FUNDAMENTOS DE LINGUAGENS DE PROGRAMACAO', '60', 1);
INSERT INTO disciplinas (id, codigo,  nome, carga_hora, curso_id) values (64, 'CSI564', 'GEOPROCESSAMENTO E SISTEMA DE INFORMACAO
GEOGRAFICA', '60', 1);
INSERT INTO disciplinas (id, codigo,  nome, carga_hora, curso_id) values (65, 'CSI565', 'LINGUAGENS DE DOMINIO ESPECIFICO', '60', 1);
INSERT INTO disciplinas (id, codigo,  nome, carga_hora, curso_id) values (66, 'CSI566', 'MODELAGEM E SIMULACAO DE SISTEMAS TERRESTRES', '60', 1);
INSERT INTO disciplinas (id, codigo,  nome, carga_hora, curso_id) values (67, 'CSI567', 'PADROES DE PROJETOS', '60', 1);
INSERT INTO disciplinas (id, codigo,  nome, carga_hora, curso_id) values (68, 'CSI568', 'QUALIDADE DE SOFTWARE', '60', 1);
INSERT INTO disciplinas (id, codigo,  nome, carga_hora, curso_id) values (69, 'CSI569', 'SEMANTICA FORMAL', '60', 1);
INSERT INTO disciplinas (id, codigo,  nome, carga_hora, curso_id) values (70, 'CSI574', 'SISTEMAS DE TIPOS', '60', 1);
INSERT INTO disciplinas (id, codigo,  nome, carga_hora, curso_id) values (71, 'CSI575', 'SISTEMAS WEB II', '60', 1);
INSERT INTO disciplinas (id, codigo,  nome, carga_hora, curso_id) values (72, 'CSI576', 'TESTE DE SOFTWARE', '60', 1);
INSERT INTO disciplinas (id, codigo,  nome, carga_hora, curso_id) values (73, 'CSI577', 'LOGICA APLICADA A COMPUTACAO', '60', 1);
INSERT INTO disciplinas (id, codigo,  nome, carga_hora, curso_id) values (74, 'CSI578', 'TOPICOS EM LINGUAGEM DE PROGRAMACAO', '60', 1);
INSERT INTO disciplinas (id, codigo,  nome, carga_hora, curso_id) values (75, 'CSI729', 'ACESSIBILIDADE WEB', '60', 1);
INSERT INTO disciplinas (id, codigo,  nome, carga_hora, curso_id) values (76, 'CSI730', 'TOPICOS EM SISTEMAS DE COMPUTACAO', '60', 1);
INSERT INTO disciplinas (id, codigo,  nome, carga_hora, curso_id) values (77, 'ENP005', 'ERGONOMIA', '60', 2);
INSERT INTO disciplinas (id, codigo,  nome, carga_hora, curso_id) values (78, 'ENP014', 'ORGANIZACAO DO TRABALHO', '60', 2);
INSERT INTO disciplinas (id, codigo,  nome, carga_hora, curso_id) values (79, 'ENP022', 'GESTAO DA QUALIDADE', '60', 2);
INSERT INTO disciplinas (id, codigo,  nome, carga_hora, curso_id) values (80, 'ENP025', 'GESTAO DO CONHECIMENTO', '60', 2);
INSERT INTO disciplinas (id, codigo,  nome, carga_hora, curso_id) values (81, 'ENP119', 'LOGISTICA', '60', 2);
INSERT INTO disciplinas (id, codigo,  nome, carga_hora, curso_id) values (82, 'ENP122', 'PLANEJAMENTO E CONTROLE DE PRODUCAO I', '60', 2);
INSERT INTO disciplinas (id, codigo,  nome, carga_hora, curso_id) values (83, 'ENP151', 'CIENCIA TECNOLOGIA E SOCIEDADE', '60', 2);
INSERT INTO disciplinas (id, codigo,  nome, carga_hora, curso_id) values (84, 'ENP152', 'ETICA E RESPONSABILIDADE SOCIOAMBIENTAL', '60', 2);
INSERT INTO disciplinas (id, codigo,  nome, carga_hora, curso_id) values (85, 'ENP155', 'CUSTOS INDUSTRIAIS', '60', 2);
INSERT INTO disciplinas (id, codigo,  nome, carga_hora, curso_id) values (86, 'ENP160', 'OTIMIZACAO COMBINATORIA', '60', 2);
INSERT INTO disciplinas (id, codigo,  nome, carga_hora, curso_id) values (87, 'ENP534', 'GESTAO DE PROJETOS', '60', 2);
INSERT INTO disciplinas (id, codigo,  nome, carga_hora, curso_id) values (88, 'ENP560', 'OTIMIZACAO EM REDES', '60', 2);
INSERT INTO disciplinas (id, codigo,  nome, carga_hora, curso_id) values (89, 'LET966', 'INTRODUCAO A LIBRAS', '60', NULL);

ALTER TABLE disciplinas AUTO_INCREMENT = 90;


-- -----------------------------------------------------
-- Table `materias`.`curriculos`
-- -----------------------------------------------------
DROP TABLE IF EXISTS `materias`.`curriculos` ;

CREATE TABLE IF NOT EXISTS `materias`.`curriculos` (
  `id` INT NOT NULL AUTO_INCREMENT,
  `curso_id` INT(3) NOT NULL,
  `disciplina_id` INT(6) NOT NULL,
  `obrigatoria` BOOLEAN NOT NULL,
  `periodo` INT(2),
  INDEX `idx_curriculos_has_cursos` (`curso_id` ASC),
  INDEX `idx_curriculos_has_disciplinas` (`disciplina_id` ASC),
  PRIMARY KEY(`id`),
  CONSTRAINT `fk_curriculos_has_cursos`
    FOREIGN KEY (`curso_id`)
    REFERENCES `materias`.`cursos` (`id`)
    ON DELETE CASCADE
    ON UPDATE NO ACTION,
  CONSTRAINT `fk_curriculos_has_disciplinas`
    FOREIGN KEY (`disciplina_id`)
    REFERENCES `materias`.`disciplinas` (`id`)
    ON DELETE CASCADE
    ON UPDATE NO ACTION)

ENGINE = InnoDB;


--
-- Dumping data for table `curriculos`
--
INSERT INTO curriculos (id, curso_id, disciplina_id, obrigatoria, periodo) values (1, 1, 1, TRUE, 1);
INSERT INTO curriculos (id, curso_id, disciplina_id, obrigatoria, periodo) values (2, 1, 2, TRUE, 1);
INSERT INTO curriculos (id, curso_id, disciplina_id, obrigatoria, periodo) values (3, 1, 3, TRUE, 1);
INSERT INTO curriculos (id, curso_id, disciplina_id, obrigatoria, periodo) values (4, 1, 4, TRUE, 1);
INSERT INTO curriculos (id, curso_id, disciplina_id, obrigatoria, periodo) values (5, 1, 5, TRUE, 1);
INSERT INTO curriculos (id, curso_id, disciplina_id, obrigatoria, periodo) values (6, 1, 6, TRUE, 1);
INSERT INTO curriculos (id, curso_id, disciplina_id, obrigatoria, periodo) values (7, 1, 7, TRUE, 2);
INSERT INTO curriculos (id, curso_id, disciplina_id, obrigatoria, periodo) values (8, 1, 8, TRUE, 2);
INSERT INTO curriculos (id, curso_id, disciplina_id, obrigatoria, periodo) values (9, 1, 9, TRUE, 2);
INSERT INTO curriculos (id, curso_id, disciplina_id, obrigatoria, periodo) values (10, 1, 10, TRUE, 2);
INSERT INTO curriculos (id, curso_id, disciplina_id, obrigatoria, periodo) values (11, 1, 11, TRUE, 2);
INSERT INTO curriculos (id, curso_id, disciplina_id, obrigatoria, periodo) values (12, 1, 12, TRUE, 3);
INSERT INTO curriculos (id, curso_id, disciplina_id, obrigatoria, periodo) values (13, 1, 13, TRUE, 3);
INSERT INTO curriculos (id, curso_id, disciplina_id, obrigatoria, periodo) values (14, 1, 14, TRUE, 3);
INSERT INTO curriculos (id, curso_id, disciplina_id, obrigatoria, periodo) values (15, 1, 15, TRUE, 3);
INSERT INTO curriculos (id, curso_id, disciplina_id, obrigatoria, periodo) values (16, 1, 16, TRUE, 3);
INSERT INTO curriculos (id, curso_id, disciplina_id, obrigatoria, periodo) values (17, 1, 17, TRUE, 4);
INSERT INTO curriculos (id, curso_id, disciplina_id, obrigatoria, periodo) values (18, 1, 18, TRUE, 4);
INSERT INTO curriculos (id, curso_id, disciplina_id, obrigatoria, periodo) values (19, 1, 19, TRUE, 4);
INSERT INTO curriculos (id, curso_id, disciplina_id, obrigatoria, periodo) values (20, 1, 20, TRUE, 4);
INSERT INTO curriculos (id, curso_id, disciplina_id, obrigatoria, periodo) values (21, 1, 21, TRUE, 4);
INSERT INTO curriculos (id, curso_id, disciplina_id, obrigatoria, periodo) values (22, 1, 22, TRUE, 5);
INSERT INTO curriculos (id, curso_id, disciplina_id, obrigatoria, periodo) values (23, 1, 23, TRUE, 5);
INSERT INTO curriculos (id, curso_id, disciplina_id, obrigatoria, periodo) values (24, 1, 24, TRUE, 5);
INSERT INTO curriculos (id, curso_id, disciplina_id, obrigatoria, periodo) values (25, 1, 25, TRUE, 5);
INSERT INTO curriculos (id, curso_id, disciplina_id, obrigatoria, periodo) values (26, 1, 26, TRUE, 5);
INSERT INTO curriculos (id, curso_id, disciplina_id, obrigatoria, periodo) values (27, 1, 27, TRUE, 6);
INSERT INTO curriculos (id, curso_id, disciplina_id, obrigatoria, periodo) values (28, 1, 28, TRUE, 6);
INSERT INTO curriculos (id, curso_id, disciplina_id, obrigatoria, periodo) values (29, 1, 29, TRUE, 6);
INSERT INTO curriculos (id, curso_id, disciplina_id, obrigatoria, periodo) values (30, 1, 30, TRUE, 6);
INSERT INTO curriculos (id, curso_id, disciplina_id, obrigatoria, periodo) values (31, 1, 31, TRUE, 6);
INSERT INTO curriculos (id, curso_id, disciplina_id, obrigatoria, periodo) values (32, 1, 32, TRUE, 7);
INSERT INTO curriculos (id, curso_id, disciplina_id, obrigatoria, periodo) values (33, 1, 33, TRUE, 7);
INSERT INTO curriculos (id, curso_id, disciplina_id, obrigatoria, periodo) values (34, 1, 34, TRUE, 7);
INSERT INTO curriculos (id, curso_id, disciplina_id, obrigatoria, periodo) values (35, 1, 35, TRUE, 7);
INSERT INTO curriculos (id, curso_id, disciplina_id, obrigatoria, periodo) values (36, 1, 36, TRUE, 8);
INSERT INTO curriculos (id, curso_id, disciplina_id, obrigatoria, periodo) values (37, 1, 37, TRUE, 8);
INSERT INTO curriculos (id, curso_id, disciplina_id, obrigatoria, periodo) values (38, 1, 38, TRUE, 8);
INSERT INTO curriculos (id, curso_id, disciplina_id, obrigatoria, periodo) values (39, 1, 39, TRUE, NULL);
INSERT INTO curriculos (id, curso_id, disciplina_id, obrigatoria, periodo) values (40, 1, 40, TRUE, NULL);
INSERT INTO curriculos (id, curso_id, disciplina_id, obrigatoria, periodo) values (41, 1, 41, FALSE, NULL);
INSERT INTO curriculos (id, curso_id, disciplina_id, obrigatoria, periodo) values (42, 1, 42, FALSE, NULL);
INSERT INTO curriculos (id, curso_id, disciplina_id, obrigatoria, periodo) values (43, 1, 43, FALSE, NULL);
INSERT INTO curriculos (id, curso_id, disciplina_id, obrigatoria, periodo) values (44, 1, 44, FALSE, NULL);
INSERT INTO curriculos (id, curso_id, disciplina_id, obrigatoria, periodo) values (45, 1, 45, FALSE, NULL);
INSERT INTO curriculos (id, curso_id, disciplina_id, obrigatoria, periodo) values (46, 1, 46, FALSE, NULL);
INSERT INTO curriculos (id, curso_id, disciplina_id, obrigatoria, periodo) values (47, 1, 47, FALSE, NULL);
INSERT INTO curriculos (id, curso_id, disciplina_id, obrigatoria, periodo) values (48, 1, 48, FALSE, NULL);
INSERT INTO curriculos (id, curso_id, disciplina_id, obrigatoria, periodo) values (49, 1, 49, FALSE, NULL);
INSERT INTO curriculos (id, curso_id, disciplina_id, obrigatoria, periodo) values (50, 1, 50, FALSE, NULL);
INSERT INTO curriculos (id, curso_id, disciplina_id, obrigatoria, periodo) values (51, 1, 51, FALSE, NULL);
INSERT INTO curriculos (id, curso_id, disciplina_id, obrigatoria, periodo) values (52, 1, 52, FALSE, NULL);
INSERT INTO curriculos (id, curso_id, disciplina_id, obrigatoria, periodo) values (53, 1, 53, FALSE, NULL);
INSERT INTO curriculos (id, curso_id, disciplina_id, obrigatoria, periodo) values (54, 1, 54, FALSE, NULL);
INSERT INTO curriculos (id, curso_id, disciplina_id, obrigatoria, periodo) values (55, 1, 55, FALSE, NULL);
INSERT INTO curriculos (id, curso_id, disciplina_id, obrigatoria, periodo) values (56, 1, 56, FALSE, NULL);
INSERT INTO curriculos (id, curso_id, disciplina_id, obrigatoria, periodo) values (57, 1, 57, FALSE, NULL);
INSERT INTO curriculos (id, curso_id, disciplina_id, obrigatoria, periodo) values (58, 1, 58, FALSE, NULL);
INSERT INTO curriculos (id, curso_id, disciplina_id, obrigatoria, periodo) values (59, 1, 59, FALSE, NULL);
INSERT INTO curriculos (id, curso_id, disciplina_id, obrigatoria, periodo) values (60, 1, 60, FALSE, NULL);
INSERT INTO curriculos (id, curso_id, disciplina_id, obrigatoria, periodo) values (61, 1, 61, FALSE, NULL);
INSERT INTO curriculos (id, curso_id, disciplina_id, obrigatoria, periodo) values (62, 1, 62, FALSE, NULL);
INSERT INTO curriculos (id, curso_id, disciplina_id, obrigatoria, periodo) values (63, 1, 63, FALSE, NULL);
INSERT INTO curriculos (id, curso_id, disciplina_id, obrigatoria, periodo) values (64, 1, 64, FALSE, NULL);
INSERT INTO curriculos (id, curso_id, disciplina_id, obrigatoria, periodo) values (65, 1, 65, FALSE, NULL);
INSERT INTO curriculos (id, curso_id, disciplina_id, obrigatoria, periodo) values (66, 1, 66, FALSE, NULL);
INSERT INTO curriculos (id, curso_id, disciplina_id, obrigatoria, periodo) values (67, 1, 67, FALSE, NULL);
INSERT INTO curriculos (id, curso_id, disciplina_id, obrigatoria, periodo) values (68, 1, 68, FALSE, NULL);
INSERT INTO curriculos (id, curso_id, disciplina_id, obrigatoria, periodo) values (69, 1, 69, FALSE, NULL);
INSERT INTO curriculos (id, curso_id, disciplina_id, obrigatoria, periodo) values (70, 1, 70, FALSE, NULL);
INSERT INTO curriculos (id, curso_id, disciplina_id, obrigatoria, periodo) values (71, 1, 71, FALSE, NULL);
INSERT INTO curriculos (id, curso_id, disciplina_id, obrigatoria, periodo) values (72, 1, 72, FALSE, NULL);
INSERT INTO curriculos (id, curso_id, disciplina_id, obrigatoria, periodo) values (73, 1, 73, FALSE, NULL);
INSERT INTO curriculos (id, curso_id, disciplina_id, obrigatoria, periodo) values (74, 1, 74, FALSE, NULL);
INSERT INTO curriculos (id, curso_id, disciplina_id, obrigatoria, periodo) values (75, 1, 75, FALSE, NULL);
INSERT INTO curriculos (id, curso_id, disciplina_id, obrigatoria, periodo) values (76, 1, 76, FALSE, NULL);
INSERT INTO curriculos (id, curso_id, disciplina_id, obrigatoria, periodo) values (77, 1, 77, FALSE, NULL);
INSERT INTO curriculos (id, curso_id, disciplina_id, obrigatoria, periodo) values (78, 1, 78, FALSE, NULL);
INSERT INTO curriculos (id, curso_id, disciplina_id, obrigatoria, periodo) values (79, 1, 79, FALSE, NULL);
INSERT INTO curriculos (id, curso_id, disciplina_id, obrigatoria, periodo) values (80, 1, 80, FALSE, NULL);
INSERT INTO curriculos (id, curso_id, disciplina_id, obrigatoria, periodo) values (81, 1, 81, FALSE, NULL);
INSERT INTO curriculos (id, curso_id, disciplina_id, obrigatoria, periodo) values (82, 1, 82, FALSE, NULL);
INSERT INTO curriculos (id, curso_id, disciplina_id, obrigatoria, periodo) values (83, 1, 83, FALSE, NULL);
INSERT INTO curriculos (id, curso_id, disciplina_id, obrigatoria, periodo) values (84, 1, 84, FALSE, NULL);
INSERT INTO curriculos (id, curso_id, disciplina_id, obrigatoria, periodo) values (85, 1, 85, FALSE, NULL);
INSERT INTO curriculos (id, curso_id, disciplina_id, obrigatoria, periodo) values (86, 1, 86, FALSE, NULL);
INSERT INTO curriculos (id, curso_id, disciplina_id, obrigatoria, periodo) values (87, 1, 87, FALSE, NULL);
INSERT INTO curriculos (id, curso_id, disciplina_id, obrigatoria, periodo) values (88, 1, 88, FALSE, NULL);
INSERT INTO curriculos (id, curso_id, disciplina_id, obrigatoria, periodo) values (89, 1, 89, FALSE, NULL);

ALTER TABLE curriculos AUTO_INCREMENT = 90;


-- -----------------------------------------------------
-- Table `materias`.`aprovadas`
-- -----------------------------------------------------
DROP TABLE IF EXISTS `materias`.`aprovadas` ;

CREATE TABLE IF NOT EXISTS `materias`.`aprovadas` (
  `id` INT NOT NULL AUTO_INCREMENT,
  `aluno_id` INT NOT NULL,
  `disciplina_id` INT(6) NOT NULL,
  INDEX `idx_aprovadas_has_alunos` (`aluno_id` ASC),
  INDEX `idx_aprovadas_has_disciplinas` (`disciplina_id` ASC),
  PRIMARY KEY(`id`),
  CONSTRAINT `fk_aprovadas_has_alunos`
    FOREIGN KEY (`aluno_id`)
    REFERENCES `materias`.`alunos` (`id`)
    ON DELETE CASCADE
    ON UPDATE NO ACTION,
  CONSTRAINT `fk_aprovadas_has_disciplinas`
    FOREIGN KEY (`disciplina_id`)
    REFERENCES `materias`.`disciplinas` (`id`)
    ON DELETE CASCADE
    ON UPDATE NO ACTION)

ENGINE = InnoDB;


-- -----------------------------------------------------
-- Table `materias`.`horas`
-- -----------------------------------------------------
DROP TABLE IF EXISTS `materias`.`horas` ;

CREATE TABLE IF NOT EXISTS `materias`.`horas` (
  `id` INT NOT NULL AUTO_INCREMENT,
  `aluno_id` INT NOT NULL,
  `horas_estag` INT(3),
  `horas_atvidade`INT(3),
  `horas_tcc` INT(3),
  INDEX `idx_horas_has_alunos` (`aluno_id` ASC),
  PRIMARY KEY(`id`),
  CONSTRAINT `fk_horas_has_alunos`
    FOREIGN KEY (`aluno_id`)
    REFERENCES `materias`.`alunos` (`id`)
    ON DELETE CASCADE
    ON UPDATE NO ACTION)

ENGINE = InnoDB;


-- -----------------------------------------------------
-- Table `materias`.`requisitos`
-- -----------------------------------------------------
DROP TABLE IF EXISTS `materias`.`requisitos` ;

CREATE TABLE IF NOT EXISTS `materias`.`requisitos` (
  `id` INT NOT NULL AUTO_INCREMENT,
  `disciplina_id` INT(6) NOT NULL,
  `requi_discipl_id` INT(6),
  `requi_hora` INT(4),
  `curso_id` INT NOT NULL,
  INDEX `idx_requisitos_has_cursos` (`curso_id` ASC),
  INDEX `idx_requisitos_has_disciplinas` (`disciplina_id` ASC),
  INDEX `idx_requisitos_has_requisdisc` (`requi_discipl_id` ASC),
  PRIMARY KEY(`id`),
  CONSTRAINT `fk_requisitos_has_cursos`
    FOREIGN KEY (`curso_id`)
    REFERENCES `materias`.`cursos` (`id`)
    ON DELETE CASCADE
    ON UPDATE NO ACTION,
  CONSTRAINT `fk_requisitos_has_disciplinas`
    FOREIGN KEY (`disciplina_id`)
    REFERENCES `materias`.`disciplinas` (`id`)
    ON DELETE CASCADE
    ON UPDATE NO ACTION,
  CONSTRAINT `fk_requisitos_has_requisdisc`
    FOREIGN KEY (`requi_discipl_id`)
    REFERENCES `materias`.`disciplinas` (`id`)
    ON DELETE CASCADE
    ON UPDATE NO ACTION)

ENGINE = InnoDB;

--
-- Dumping data for table `requisitos`
--
INSERT INTO requisitos (id, disciplina_id, requi_discipl_id, requi_hora, curso_id) values (1, 7, 3, 0, 1);
INSERT INTO requisitos (id, disciplina_id, requi_discipl_id, requi_hora, curso_id) values (2, 10, 3, 0, 1);
INSERT INTO requisitos (id, disciplina_id, requi_discipl_id, requi_hora, curso_id) values (3, 12, 2, 0, 1);
INSERT INTO requisitos (id, disciplina_id, requi_discipl_id, requi_hora, curso_id) values (4, 14, 7, 0, 1);
INSERT INTO requisitos (id, disciplina_id, requi_discipl_id, requi_hora, curso_id) values (5, 14, 10, 0, 1);
INSERT INTO requisitos (id, disciplina_id, requi_discipl_id, requi_hora, curso_id) values (6, 15, 8, 0, 1);
INSERT INTO requisitos (id, disciplina_id, requi_discipl_id, requi_hora, curso_id) values (7, 15, 10, 0, 1);
INSERT INTO requisitos (id, disciplina_id, requi_discipl_id, requi_hora, curso_id) values (8, 17, 13, 0, 1);
INSERT INTO requisitos (id, disciplina_id, requi_discipl_id, requi_hora, curso_id) values (9, 17, 10, 0, 1);
INSERT INTO requisitos (id, disciplina_id, requi_discipl_id, requi_hora, curso_id) values (10, 18, 10, 0, 1);
INSERT INTO requisitos (id, disciplina_id, requi_discipl_id, requi_hora, curso_id) values (11, 19, 10, 0, 1);
INSERT INTO requisitos (id, disciplina_id, requi_discipl_id, requi_hora, curso_id) values (12, 19, 7, 0, 1);
INSERT INTO requisitos (id, disciplina_id, requi_discipl_id, requi_hora, curso_id) values (13, 20, 1, 0, 1);
INSERT INTO requisitos (id, disciplina_id, requi_discipl_id, requi_hora, curso_id) values (14, 20, 2, 0, 1);
INSERT INTO requisitos (id, disciplina_id, requi_discipl_id, requi_hora, curso_id) values (15, 21, 1, 0, 1);
INSERT INTO requisitos (id, disciplina_id, requi_discipl_id, requi_hora, curso_id) values (16, 21, 3, 0, 1);
INSERT INTO requisitos (id, disciplina_id, requi_discipl_id, requi_hora, curso_id) values (17, 21, 10, 0, 1);
INSERT INTO requisitos (id, disciplina_id, requi_discipl_id, requi_hora, curso_id) values (18, 22, 17, 0, 1);
INSERT INTO requisitos (id, disciplina_id, requi_discipl_id, requi_hora, curso_id) values (19, 23, 14, 0, 1);
INSERT INTO requisitos (id, disciplina_id, requi_discipl_id, requi_hora, curso_id) values (20, 23, 18, 0, 1);
INSERT INTO requisitos (id, disciplina_id, requi_discipl_id, requi_hora, curso_id) values (21, 24, 15, 0, 1);
INSERT INTO requisitos (id, disciplina_id, requi_discipl_id, requi_hora, curso_id) values (22, 25, 15, 0, 1);
INSERT INTO requisitos (id, disciplina_id, requi_discipl_id, requi_hora, curso_id) values (23, 26, 19, 0, 1);
INSERT INTO requisitos (id, disciplina_id, requi_discipl_id, requi_hora, curso_id) values (24, 27, 25, 0, 1);
INSERT INTO requisitos (id, disciplina_id, requi_discipl_id, requi_hora, curso_id) values (25, 28, 22, 0, 1);
INSERT INTO requisitos (id, disciplina_id, requi_discipl_id, requi_hora, curso_id) values (26, 29, 19, 0, 1);
INSERT INTO requisitos (id, disciplina_id, requi_discipl_id, requi_hora, curso_id) values (27, 30, 22, 0, 1);
INSERT INTO requisitos (id, disciplina_id, requi_discipl_id, requi_hora, curso_id) values (28, 30, 23, 0, 1);
INSERT INTO requisitos (id, disciplina_id, requi_discipl_id, requi_hora, curso_id) values (29, 30, 26, 0, 1);
INSERT INTO requisitos (id, disciplina_id, requi_discipl_id, requi_hora, curso_id) values (30, 31, 23, 0, 1);
INSERT INTO requisitos (id, disciplina_id, requi_discipl_id, requi_hora, curso_id) values (31, 32, 9, 0, 1);
INSERT INTO requisitos (id, disciplina_id, requi_discipl_id, requi_hora, curso_id) values (32, 33, NULL, 1800, 1);
INSERT INTO requisitos (id, disciplina_id, requi_discipl_id, requi_hora, curso_id) values (33, 33, 4, 0, 1);
INSERT INTO requisitos (id, disciplina_id, requi_discipl_id, requi_hora, curso_id) values (34, 33, 5, 0, 1);
INSERT INTO requisitos (id, disciplina_id, requi_discipl_id, requi_hora, curso_id) values (35, 33, 17, 0, 1);
INSERT INTO requisitos (id, disciplina_id, requi_discipl_id, requi_hora, curso_id) values (36, 33, 18, 0, 1);
INSERT INTO requisitos (id, disciplina_id, requi_discipl_id, requi_hora, curso_id) values (37, 33, 9, 0, 1);
INSERT INTO requisitos (id, disciplina_id, requi_discipl_id, requi_hora, curso_id) values (38, 33, 19, 0, 1);
INSERT INTO requisitos (id, disciplina_id, requi_discipl_id, requi_hora, curso_id) values (39, 33, 21, 0, 1);
INSERT INTO requisitos (id, disciplina_id, requi_discipl_id, requi_hora, curso_id) values (40, 35, NULL, 1800, 1);
INSERT INTO requisitos (id, disciplina_id, requi_discipl_id, requi_hora, curso_id) values (41, 36, 4, 0, 1);
INSERT INTO requisitos (id, disciplina_id, requi_discipl_id, requi_hora, curso_id) values (42, 36, 18, 0, 1);
INSERT INTO requisitos (id, disciplina_id, requi_discipl_id, requi_hora, curso_id) values (43, 36, 21, 0, 1);
INSERT INTO requisitos (id, disciplina_id, requi_discipl_id, requi_hora, curso_id) values (44, 37, 26, 0, 1);
INSERT INTO requisitos (id, disciplina_id, requi_discipl_id, requi_hora, curso_id) values (45, 38, 33, 0, 1);
/*--Eletivas*/
INSERT INTO requisitos (id, disciplina_id, requi_discipl_id, requi_hora, curso_id) values (46, 41, 22, 0, 1);
INSERT INTO requisitos (id, disciplina_id, requi_discipl_id, requi_hora, curso_id) values (47, 42, 15, 0, 1);
INSERT INTO requisitos (id, disciplina_id, requi_discipl_id, requi_hora, curso_id) values (48, 43, 22, 0, 1);
INSERT INTO requisitos (id, disciplina_id, requi_discipl_id, requi_hora, curso_id) values (49, 44, 3, 0, 1);
INSERT INTO requisitos (id, disciplina_id, requi_discipl_id, requi_hora, curso_id) values (50, 44, 24, 0, 1);
INSERT INTO requisitos (id, disciplina_id, requi_discipl_id, requi_hora, curso_id) values (51, 45, 10, 0, 1);
INSERT INTO requisitos (id, disciplina_id, requi_discipl_id, requi_hora, curso_id) values (52, 46, 22, 0, 1);
INSERT INTO requisitos (id, disciplina_id, requi_discipl_id, requi_hora, curso_id) values (53, 47, 25, 0, 1);
INSERT INTO requisitos (id, disciplina_id, requi_discipl_id, requi_hora, curso_id) values (54, 48, 42, 0, 1);
INSERT INTO requisitos (id, disciplina_id, requi_discipl_id, requi_hora, curso_id) values (55, 48, 10, 0, 1);
INSERT INTO requisitos (id, disciplina_id, requi_discipl_id, requi_hora, curso_id) values (56, 49, 22, 0, 1);
INSERT INTO requisitos (id, disciplina_id, requi_discipl_id, requi_hora, curso_id) values (57, 50, 18, 0, 1);
INSERT INTO requisitos (id, disciplina_id, requi_discipl_id, requi_hora, curso_id) values (58, 51, 19, 0, 1);
INSERT INTO requisitos (id, disciplina_id, requi_discipl_id, requi_hora, curso_id) values (59, 52, 18, 0, 1);
INSERT INTO requisitos (id, disciplina_id, requi_discipl_id, requi_hora, curso_id) values (60, 52, 19, 0, 1);
INSERT INTO requisitos (id, disciplina_id, requi_discipl_id, requi_hora, curso_id) values (61, 53, 4, 0, 1);
INSERT INTO requisitos (id, disciplina_id, requi_discipl_id, requi_hora, curso_id) values (62, 53, 19, 0, 1);
INSERT INTO requisitos (id, disciplina_id, requi_discipl_id, requi_hora, curso_id) values (63, 54, 18, 0, 1);
INSERT INTO requisitos (id, disciplina_id, requi_discipl_id, requi_hora, curso_id) values (64, 54, 19, 0, 1);
INSERT INTO requisitos (id, disciplina_id, requi_discipl_id, requi_hora, curso_id) values (65, 54, 26, 0, 1);
INSERT INTO requisitos (id, disciplina_id, requi_discipl_id, requi_hora, curso_id) values (66, 55, 23, 0, 1);
INSERT INTO requisitos (id, disciplina_id, requi_discipl_id, requi_hora, curso_id) values (67, 56, 26, 0, 1);
INSERT INTO requisitos (id, disciplina_id, requi_discipl_id, requi_hora, curso_id) values (68, 57, 4, 0, 1);
INSERT INTO requisitos (id, disciplina_id, requi_discipl_id, requi_hora, curso_id) values (69, 57, 19, 0, 1);
INSERT INTO requisitos (id, disciplina_id, requi_discipl_id, requi_hora, curso_id) values (70, 58, 24, 0, 1);
INSERT INTO requisitos (id, disciplina_id, requi_discipl_id, requi_hora, curso_id) values (71, 59, 15, 0, 1);
INSERT INTO requisitos (id, disciplina_id, requi_discipl_id, requi_hora, curso_id) values (72, 60, 29, 0, 1);
INSERT INTO requisitos (id, disciplina_id, requi_discipl_id, requi_hora, curso_id) values (73, 61, 24, 0, 1);
INSERT INTO requisitos (id, disciplina_id, requi_discipl_id, requi_hora, curso_id) values (74, 61, 21, 0, 1);
INSERT INTO requisitos (id, disciplina_id, requi_discipl_id, requi_hora, curso_id) values (75, 62, 19, 0, 1);
INSERT INTO requisitos (id, disciplina_id, requi_discipl_id, requi_hora, curso_id) values (76, 63, 27, 0, 1);
INSERT INTO requisitos (id, disciplina_id, requi_discipl_id, requi_hora, curso_id) values (77, 64, 18, 0, 1);
INSERT INTO requisitos (id, disciplina_id, requi_discipl_id, requi_hora, curso_id) values (78, 64, NULL, 900, 1);
INSERT INTO requisitos (id, disciplina_id, requi_discipl_id, requi_hora, curso_id) values (79, 66, NULL, 900, 1);
INSERT INTO requisitos (id, disciplina_id, requi_discipl_id, requi_hora, curso_id) values (80, 66, 7, 0, 1);
INSERT INTO requisitos (id, disciplina_id, requi_discipl_id, requi_hora, curso_id) values (81, 66, 10, 0, 1);
INSERT INTO requisitos (id, disciplina_id, requi_discipl_id, requi_hora, curso_id) values (82, 67, 23, 0, 1);
INSERT INTO requisitos (id, disciplina_id, requi_discipl_id, requi_hora, curso_id) values (83, 67, 26, 0, 1);
INSERT INTO requisitos (id, disciplina_id, requi_discipl_id, requi_hora, curso_id) values (84, 68, 19, 0, 1);
INSERT INTO requisitos (id, disciplina_id, requi_discipl_id, requi_hora, curso_id) values (85, 69, 27, 0, 1);
INSERT INTO requisitos (id, disciplina_id, requi_discipl_id, requi_hora, curso_id) values (86, 70, 27, 0, 1);
INSERT INTO requisitos (id, disciplina_id, requi_discipl_id, requi_hora, curso_id) values (87, 71, 30, 0, 1);
INSERT INTO requisitos (id, disciplina_id, requi_discipl_id, requi_hora, curso_id) values (88, 72, 19, 0, 1);
INSERT INTO requisitos (id, disciplina_id, requi_discipl_id, requi_hora, curso_id) values (89, 73, 8, 0, 1);
INSERT INTO requisitos (id, disciplina_id, requi_discipl_id, requi_hora, curso_id) values (90, 73, 10, 0, 1);
INSERT INTO requisitos (id, disciplina_id, requi_discipl_id, requi_hora, curso_id) values (91, 74, 27, 0, 1);
INSERT INTO requisitos (id, disciplina_id, requi_discipl_id, requi_hora, curso_id) values (92, 75, 29, 0, 1);
INSERT INTO requisitos (id, disciplina_id, requi_discipl_id, requi_hora, curso_id) values (93, 75, 30, 0, 1);
INSERT INTO requisitos (id, disciplina_id, requi_discipl_id, requi_hora, curso_id) values (94, 76, 7, 0, 1);
INSERT INTO requisitos (id, disciplina_id, requi_discipl_id, requi_hora, curso_id) values (95, 76, 10, 0, 1);
INSERT INTO requisitos (id, disciplina_id, requi_discipl_id, requi_hora, curso_id) values (96, 77, NULL, 750, 1);
INSERT INTO requisitos (id, disciplina_id, requi_discipl_id, requi_hora, curso_id) values (97, 78, 77, 0, 1);
INSERT INTO requisitos (id, disciplina_id, requi_discipl_id, requi_hora, curso_id) values (98, 79, 12, 0, 1);
INSERT INTO requisitos (id, disciplina_id, requi_discipl_id, requi_hora, curso_id) values (99, 80, NULL, 1800, 1);
INSERT INTO requisitos (id, disciplina_id, requi_discipl_id, requi_hora, curso_id) values (100, 81, NULL, 1200, 1);
INSERT INTO requisitos (id, disciplina_id, requi_discipl_id, requi_hora, curso_id) values (101, 82, NULL, 1200, 1);
INSERT INTO requisitos (id, disciplina_id, requi_discipl_id, requi_hora, curso_id) values (102, 85, NULL, 1800, 1);
INSERT INTO requisitos (id, disciplina_id, requi_discipl_id, requi_hora, curso_id) values (103, 86, 21, 0, 1);
INSERT INTO requisitos (id, disciplina_id, requi_discipl_id, requi_hora, curso_id) values (104, 87, NULL, 1800, 1);
INSERT INTO requisitos (id, disciplina_id, requi_discipl_id, requi_hora, curso_id) values (105, 87, 11, 0, 1);
INSERT INTO requisitos (id, disciplina_id, requi_discipl_id, requi_hora, curso_id) values (106, 88, 86, 0, 1);
INSERT INTO requisitos (id, disciplina_id, requi_discipl_id, requi_hora, curso_id) values (107, 39, NULL, 1200, 1);

ALTER TABLE requisitos AUTO_INCREMENT = 108;


-- -----------------------------------------------------
-- Table `materias`.`usuarios`
-- -----------------------------------------------------
DROP TABLE IF EXISTS `materias`.`usuarios` ;

CREATE TABLE IF NOT EXISTS `materias`.`usuarios` (
  `id` INT NOT NULL AUTO_INCREMENT,
  `nome` VARCHAR(45) NOT NULL,
  `login` VARCHAR(5) NOT NULL,
  `senha` VARCHAR(10) NOT NULL,
  PRIMARY KEY (`id`))

  ENGINE = InnoDB;

INSERT INTO usuarios (id, nome, login, senha) values (1, 'administrador', 'admin', 'admin');

ALTER TABLE requisitos AUTO_INCREMENT = 2;


SET SQL_MODE=@OLD_SQL_MODE;
SET FOREIGN_KEY_CHECKS=@OLD_FOREIGN_KEY_CHECKS;
SET UNIQUE_CHECKS=@OLD_UNIQUE_CHECKS;
